{
    "A" :{"H":0.125,"L":0.25,"P":0.25,"Q":0.125,"R":0.25},
    "C" :{"A":0.5,"V":0.5},
    "D" :{"I":0.375,"M":0.125,"T":0.5},
    "E" :{"K":0.25,"N":0.25,"R":0.25,"S":0.25},
    "F" :{"F":0.25,"L":0.25,"S":0.5},
    "G" :{"A":0.25,"D":0.125,"E":0.125,"G":0.25,"V":0.25},
    "H" :{"I":0.375,"M":0.125,"T":0.5},
    "I" :{"F":0.16666666666666666,"L":0.16666666666666666,"S":0.3333333333333333,"Y":0.16666666666666666},
    "K" :{"K":0.25,"N":0.25,"R":0.25,"S":0.25},
    "L" :{"C":0.16666666666666666,"F":0.08333333333333333,"L":0.08333333333333333,"S":0.16666666666666666,"W":0.08333333333333333,"Y":0.16666666666666666},
    "M" :{"C":0.5,"W":0.25},
    "N" :{"I":0.375,"M":0.125,"T":0.5},
    "P" :{"H":0.125,"L":0.25,"P":0.25,"Q":0.125,"R":0.25},
    "Q" :{"K":0.25,"N":0.25,"R":0.25,"S":0.25},
    "R" :{"A":0.16666666666666666,"D":0.16666666666666666,"E":0.16666666666666666,"G":0.3333333333333333,"V":0.16666666666666666},
    "S" :{"A":0.16666666666666666,"H":0.08333333333333333,"L":0.16666666666666666,"P":0.16666666666666666,"Q":0.08333333333333333,"R":0.16666666666666666,"V":0.16666666666666666},
    "T" :{"H":0.125,"L":0.25,"P":0.25,"Q":0.125,"R":0.25},
    "V" :{"C":0.125,"F":0.125,"L":0.125,"S":0.25,"W":0.0625,"Y":0.125},
    "W" :{"G":1.0},
    "Y" :{"I":0.375,"M":0.125,"T":0.5}
}