{
    "A" :{"C":0.25,"G":0.25,"R":0.25,"S":0.25},
    "C" :{"L":0.5,"M":0.25,"V":0.25},
    "D" :{"G":0.25,"R":0.5},
    "E" :{"G":0.25,"R":0.5},
    "F" :{"F":0.25,"I":0.25,"L":0.25,"V":0.25},
    "G" :{"G":0.25,"R":0.5,"W":0.25},
    "H" :{"A":0.25,"P":0.25,"S":0.25,"T":0.25},
    "I" :{"D":0.25,"H":0.25,"N":0.25,"Y":0.25},
    "K" :{"E":0.25,"K":0.25,"Q":0.25},
    "L" :{"A":0.16666666666666666,"F":0.08333333333333333,"I":0.08333333333333333,"L":0.08333333333333333,"P":0.16666666666666666,"S":0.16666666666666666,"T":0.16666666666666666,"V":0.08333333333333333},
    "M" :{"D":0.25,"H":0.25,"N":0.25,"Y":0.25},
    "N" :{"E":0.25,"K":0.25,"Q":0.25},
    "P" :{"A":0.25,"P":0.25,"S":0.25,"T":0.25},
    "Q" :{"A":0.25,"P":0.25,"S":0.25,"T":0.25},
    "R" :{"A":0.16666666666666666,"E":0.08333333333333333,"K":0.08333333333333333,"P":0.16666666666666666,"Q":0.08333333333333333,"S":0.16666666666666666,"T":0.16666666666666666},
    "S" :{"E":0.08333333333333333,"F":0.16666666666666666,"I":0.16666666666666666,"K":0.08333333333333333,"L":0.16666666666666666,"Q":0.08333333333333333,"V":0.16666666666666666},
    "T" :{"D":0.25,"H":0.25,"N":0.25,"Y":0.25},
    "V" :{"C":0.25,"G":0.25,"R":0.25,"S":0.25},
    "W" :{"L":0.5,"M":0.25,"V":0.25},
    "Y" :{"I":0.25,"L":0.5,"V":0.25}
}