{
    "A" :{"A":0.3939393939393939,"C":0.030303030303030304,"D":0.06060606060606061,"E":0.030303030303030304,"G":0.12121212121212122,"H":0.015151515151515152,"L":0.030303030303030304,"P":0.06060606060606061,"Q":0.015151515151515152,"R":0.06060606060606061,"S":0.06060606060606061,"T":0.030303030303030304,"V":0.09090909090909091},
    "C" :{"A":0.06060606060606061,"C":0.15151515151515152,"F":0.06060606060606061,"G":0.030303030303030304,"L":0.12121212121212122,"M":0.030303030303030304,"R":0.030303030303030304,"S":0.15151515151515152,"V":0.09090909090909091,"W":0.12121212121212122,"Y":0.030303030303030304},
    "D" :{"A":0.12121212121212122,"D":0.15151515151515152,"E":0.21212121212121213,"G":0.09090909090909091,"H":0.030303030303030304,"I":0.045454545454545456,"M":0.015151515151515152,"N":0.030303030303030304,"R":0.06060606060606061,"T":0.06060606060606061,"V":0.12121212121212122,"Y":0.030303030303030304},
    "E" :{"A":0.06060606060606061,"D":0.21212121212121213,"E":0.21212121212121213,"G":0.15151515151515152,"K":0.06060606060606061,"N":0.030303030303030304,"Q":0.030303030303030304,"R":0.09090909090909091,"S":0.030303030303030304,"V":0.06060606060606061},
    "F" :{"C":0.06060606060606061,"F":0.2727272727272727,"I":0.06060606060606061,"L":0.30303030303030304,"S":0.18181818181818182,"V":0.06060606060606061,"Y":0.06060606060606061},
    "G" :{"A":0.12121212121212122,"C":0.015151515151515152,"D":0.045454545454545456,"E":0.07575757575757576,"G":0.45454545454545453,"R":0.10606060606060606,"S":0.015151515151515152,"V":0.12121212121212122,"W":0.03787878787878788},
    "H" :{"A":0.030303030303030304,"D":0.030303030303030304,"H":0.15151515151515152,"I":0.045454545454545456,"L":0.12121212121212122,"M":0.015151515151515152,"N":0.030303030303030304,"P":0.15151515151515152,"Q":0.21212121212121213,"R":0.06060606060606061,"S":0.030303030303030304,"T":0.09090909090909091,"Y":0.030303030303030304},
    "I" :{"D":0.030303030303030304,"F":0.04040404040404041,"H":0.030303030303030304,"I":0.30303030303030304,"K":0.030303030303030304,"L":0.06060606060606061,"M":0.10101010101010101,"N":0.10101010101010101,"R":0.010101010101010102,"S":0.09090909090909091,"T":0.10101010101010101,"V":0.030303030303030304,"Y":0.050505050505050504},
    "K" :{"E":0.06060606060606061,"I":0.045454545454545456,"K":0.2727272727272727,"M":0.015151515151515152,"N":0.24242424242424243,"Q":0.06060606060606061,"R":0.12121212121212122,"S":0.06060606060606061,"T":0.06060606060606061},
    "L" :{"A":0.020202020202020204,"C":0.04040404040404041,"F":0.10101010101010101,"H":0.04040404040404041,"I":0.030303030303030304,"L":0.35353535353535354,"M":0.010101010101010102,"P":0.08080808080808081,"Q":0.020202020202020204,"R":0.06060606060606061,"S":0.06060606060606061,"T":0.020202020202020204,"V":0.04040404040404041,"W":0.020202020202020204,"Y":0.04040404040404041},
    "M" :{"C":0.06060606060606061,"D":0.030303030303030304,"H":0.030303030303030304,"I":0.30303030303030304,"K":0.030303030303030304,"L":0.06060606060606061,"M":0.06060606060606061,"N":0.06060606060606061,"R":0.09090909090909091,"S":0.09090909090909091,"T":0.06060606060606061,"V":0.030303030303030304,"W":0.030303030303030304,"Y":0.030303030303030304},
    "N" :{"D":0.030303030303030304,"E":0.030303030303030304,"H":0.030303030303030304,"I":0.15151515151515152,"K":0.24242424242424243,"M":0.030303030303030304,"N":0.15151515151515152,"Q":0.030303030303030304,"R":0.030303030303030304,"S":0.030303030303030304,"T":0.18181818181818182,"Y":0.030303030303030304},
    "P" :{"A":0.06060606060606061,"H":0.07575757575757576,"L":0.12121212121212122,"P":0.45454545454545453,"Q":0.045454545454545456,"R":0.12121212121212122,"S":0.06060606060606061,"T":0.06060606060606061},
    "Q" :{"A":0.030303030303030304,"E":0.030303030303030304,"H":0.21212121212121213,"K":0.06060606060606061,"L":0.06060606060606061,"N":0.030303030303030304,"P":0.09090909090909091,"Q":0.21212121212121213,"R":0.15151515151515152,"S":0.06060606060606061,"T":0.030303030303030304},
    "R" :{"A":0.04040404040404041,"C":0.010101010101010102,"D":0.020202020202020204,"E":0.030303030303030304,"G":0.0707070707070707,"H":0.020202020202020204,"I":0.005050505050505051,"K":0.04040404040404041,"L":0.06060606060606061,"M":0.015151515151515152,"N":0.010101010101010102,"P":0.08080808080808081,"Q":0.050505050505050504,"R":0.35353535353535354,"S":0.10101010101010101,"T":0.04040404040404041,"V":0.020202020202020204,"W":0.010101010101010102},
    "S" :{"A":0.04040404040404041,"C":0.050505050505050504,"E":0.010101010101010102,"F":0.06060606060606061,"G":0.010101010101010102,"H":0.010101010101010102,"I":0.045454545454545456,"K":0.020202020202020204,"L":0.06060606060606061,"M":0.015151515151515152,"N":0.010101010101010102,"P":0.04040404040404041,"Q":0.020202020202020204,"R":0.10101010101010101,"S":0.31313131313131315,"T":0.06060606060606061,"V":0.04040404040404041,"W":0.010101010101010102,"Y":0.04040404040404041},
    "T" :{"A":0.030303030303030304,"D":0.030303030303030304,"H":0.045454545454545456,"I":0.07575757575757576,"K":0.030303030303030304,"L":0.030303030303030304,"M":0.015151515151515152,"N":0.09090909090909091,"P":0.06060606060606061,"Q":0.015151515151515152,"R":0.06060606060606061,"S":0.09090909090909091,"T":0.3939393939393939,"Y":0.030303030303030304},
    "V" :{"A":0.09090909090909091,"C":0.045454545454545456,"D":0.06060606060606061,"E":0.030303030303030304,"F":0.030303030303030304,"G":0.12121212121212122,"I":0.022727272727272728,"L":0.06060606060606061,"M":0.007575757575757576,"R":0.030303030303030304,"S":0.06060606060606061,"V":0.3939393939393939,"W":0.007575757575757576,"Y":0.015151515151515152},
    "W" :{"C":0.24242424242424243,"G":0.15151515151515152,"L":0.12121212121212122,"M":0.030303030303030304,"R":0.06060606060606061,"S":0.06060606060606061,"V":0.030303030303030304,"W":0.12121212121212122},
    "Y" :{"C":0.030303030303030304,"D":0.030303030303030304,"F":0.06060606060606061,"H":0.030303030303030304,"I":0.07575757575757576,"L":0.12121212121212122,"M":0.015151515151515152,"N":0.030303030303030304,"S":0.12121212121212122,"T":0.06060606060606061,"V":0.030303030303030304,"Y":0.15151515151515152}
}